Metabolite,LOD,LOQ,Croco_10-7_filtrate_1,Croco_10-7_filtrate_2,Croco_10-7_filtrate_3,Croco_10-7_filtrate_4,Croco_10-7_filtrate_5,Croco_10-7_filtrate_6,Croco_10-7_filtrate_B1,Croco_10-7_filtrate_B2,Croco_10-7_filtrate_B3,Croco_10-7_filtrate_B4,Ehux_9-22_filtrate_1,Ehux_9-22_filtrate_2,Ehux_9-22_filtrate_3,Ehux_9-22_filtrate_4,Ehux_9-22_filtrate_5,Ehux_9-22_filtrate_6,Ehux_9-22_filtrate_B1,Ehux_9-22_filtrate_B2,Ehux_9-22_filtrate_B3,Ehux_9-22_filtrate_B4,MM_10-10_filtrate_1,MM_10-10_filtrate_2,MM_10-10_filtrate_3,MM_10-10_filtrate_4,MM_10-10_filtrate_5,MM_10-10_filtrate_6,MM_10-10_filtrate_B1,MM_10-10_filtrate_B2,MM_10-10_filtrate_B3,MM_10-10_filtrate_B4,Pro_11-18_filtrate_1,Pro_11-18_filtrate_2,Pro_11-18_filtrate_3,Pro_11-18_filtrate_4,Pro_11-18_filtrate_5,Pro_11-18_filtrate_6,Pro_11-18_filtrate_B1,Pro_11-18_filtrate_B2,Syn_10-30_filtrate_1,Syn_10-30_filtrate_2,Syn_10-30_filtrate_3,Syn_10-30_filtrate_4,Syn_10-30_filtrate_5,Syn_10-30_filtrate_6,Syn_10-30_filtrate_B1,Syn_10-30_filtrate_B2,Syn_10-30_filtrate_B3,Syn_10-30_filtrate_B4,Tpsu_9-24_filtrate_1,Tpsu_9-24_filtrate_2,Tpsu_9-24_filtrate_3,Tpsu_9-24_filtrate_4,Tpsu_9-24_filtrate_5,Tpsu_9-24_filtrate_6,Tpsu_9-24_filtrate_B1,Tpsu_9-24_filtrate_B2,Tpsu_9-24_filtrate_B3,Tpsu_9-24_filtrate_B4,pool01,pool02,pool03,pool04,pool05,pool06,pool07,pool08,pool09,pool10,pool11
"3′AMP neg",0.0375451250884628,0.113773106328675,31.0941080597875,31.0062317522294,39.4259556014443,28.9273540870847,30.4454827308266,33.4225246819695,0,0,0,0,0,0,0,0,0,0,0,0,0,0,0,0.363922549333443,0.763311139401852,0.486182102104385,0.423750416536073,0.474675832768366,0,0,0,0,0,0,0,0,0,0,NaN,0,8.43201161258024,41.2962543112388,10.648278318205,13.4166909292152,12.9651083789204,10.7670761457221,0,0,0,0,0,0,0,0,0,0,0,0,0,0,4.39512595515424,4.41148602786281,4.40039413865542,4.21651662687957,4.93963673008264,4.85337589080253,4.01904515963937,4.57662525730061,4.6385394710245,4.68791779655239,5.55514766628426
"3′AMP pos",0.0125266348064663,0.0379594994135343,26.2242324670884,25.1613981572521,24.3025487463954,24.0802270493786,21.9981118693115,24.8587264895185,0,0,0,0,0,0,0,0,0,0,0,0,0,0,0.235029778687294,0.483212888498692,0.442544965810807,0.488180816076884,0.459759598879725,0.496702443710763,0,0,0,0,0,0,0,0,0.24546682198833,0,0,0,7.74704413651912,9.97558325000647,9.94328192179681,8.24925476487532,8.49549454909566,7.88173087130237,0,0,0,0,0,0,0,0,0,0,0,0,0,0,3.40915481858928,3.47143351568509,3.67624317656339,3.82000507487613,3.44622900960001,3.8159920194127,3.740268400439,3.65738490734067,5.06000819056082,6.03418414661713,7.15376041383987
"5′AMP pos",0.322900088956722,0.978485118050673,21.0348205535416,47.2379051324501,27.8187891709679,13.9422104496574,55.673181051537,26.1183434771327,0,0,0,0,0,0,0,0,0,0,0,0,0,0,7.72995440535052,4.34631919861564,2.89241431230256,8.06912918773132,5.67124651468508,10.707142129888,0,0,0,0,0,0,0,0,2.76257821394365,0,0,0,3.67832975728362,2.61795851203578,2.32076356129396,2.2419131761694,0,2.54579717617597,0,0,0,0,0,0,0,0,0,0,0,0,0,0,4.3749944686018,2.29260368492614,4.63661419775329,4.41535133669608,4.23327530448779,4.04765105043307,4.4532130755905,4.89482038943839,6.71137145757246,3.1416875740549,5.37229391210407
"5′UMP neg",0.360871238185484,1.09354920662268,37.1160287359004,44.4593278088177,48.5264162053231,58.793099590636,33.4421682012792,40.4735109306181,0,0,0,0,0,0,0,0,0,0,0,0,0,0,2.3969844834973,3.78754185304563,5.81275070922832,5.84346916883865,4.90575832916962,5.7288740239147,0,0,0,0,1.21276011722052,0.887888125133002,1.58851840403179,1.3498289796409,2.97204872770265,3.17965368730628,0,0,2.77681338493,1.89040978509299,2.06649505052779,4.05484897857693,1.83653843551851,2.86644461863778,0,0,0,0,1.27722026349578,1.99472288030737,2.9406216657213,1.08091350740709,1.00768528722226,1.66665693368523,0,0,0,0,5.49642920396125,6.70373934970445,6.18577265970168,4.75585453942163,6.22380870092951,7.07417332293564,6.65072155829835,24.1604635983912,5.90756378456938,7.98409045242664,5.49227054862005
"5′UMP pos",0.0426783601064919,0.129328363959066,184.722353036997,206.549291929541,117.704969007016,144.550511683973,566.184931810889,116.838127917122,0,0,0,0,0,0,0,0,0,0,0,0,0,0,4.19862316123111,6.54921920217048,5.04495808003182,10.6127050334932,5.64957440329369,11.9789668968374,0,0,0,0,0,0,0,0,5.45622082688077,0,0,0,0,0,0,0,4.68454793730496,0,0,0,0,0,0,0,0,0,0,0,0,0,0,0,10.58925787555,10.3207167511349,18.360871370596,8.63738118337322,12.9064558322515,8.0012648174119,8.69817892614478,8.84450153556846,16.8701042036045,9.54127794028326,13.2419619694204
"DHPS neg",0.0118365983422101,0.035868479824879,34.6352009504905,38.4322531095888,31.750218801469,24.6589765575183,81.931301800958,35.3179985150561,0,0,0,0,358.583767527868,482.692021938669,590.96067939684,367.833083454726,543.469404423333,451.441837283968,0,0,0,37.0301225937958,0,0,0,0,0,0,0,0,0,0,1.57214518340617,0,1.58035311637065,0,0,0,0,2.10368052129897,0,0,0,0,0,0,0,0,0,0,552.413442632497,517.249926542781,590.664343340103,333.274205795763,406.063817383006,385.773445468761,0,0,0,0,100.987466983129,121.287864919341,76.3884823479285,95.0656318845055,90.5066100231328,88.7080239748378,78.2033133494606,81.6477958325202,100.209256902274,128.30913836982,121.270161465709
"GABA neg",0.0175377308503086,0.0531446389403292,0.994240940322708,0.889897795669484,0.910886768806925,0.814456742427083,0.693866874717697,0.786915400975463,0.0898325156297249,0.14295103714286,0.103451273499522,0.0752422547714352,6.90228743846008,6.52504191293151,7.65413232964824,6.94464375398619,7.61025418491427,7.37116919276937,0.117524292535886,0.107196855780169,0.151022147437073,0.332458581984586,0.197590364711867,0.229169193073555,0.287132884828539,0.262413186711416,0.296295466346012,0.288707582162235,0.137396022494414,0.170825976868719,0.178206269424191,0.187650229591316,0.230827040561444,0.182970989997356,0.237591879624367,0.213549389994663,0.326469357127612,0.233640804911664,0.275308909708844,0.389347735792073,0.548692389660927,0.488460797960674,0.474582991067072,0.492782031680338,0.487814650800591,0.38187747590895,0.149706883958715,0.172005982566749,0.133070035649221,0.121523398961194,0.163293143416227,0.114048727299687,0.117768458273863,0.160668544275625,0.150680595700821,0.164429753878583,0.0670540179730671,0.0973216339088955,0.146151445299902,0.0690942916462851,1.03823509234198,0.994941224339872,1.03835876554843,1.04026605781814,1.01762161936014,1.04818568583902,1.04416183315378,0.983253279161867,1.0024999389975,1.00651430000567,1.01242515505544
"GABA pos",0.023957535748561,0.0725985931774575,0.99432789873183,0.881145468762462,0.92393370616665,0.804542829867994,0.723996081264323,0.843706442413445,0.0943780054102533,0.127694948551924,0.107688908014712,0.123868887552787,6.63068295509513,6.53673791156912,7.52413797636913,6.76322274954041,7.23651229358674,7.37051052188125,0.0934617347154862,0.104855617523504,0.13979935981684,0.306670321573604,0.202481843600327,0.239248166786801,0.250504720045489,0.25647422688871,0.297863002641213,0.237308997454581,0.142562058857229,0.173388615702531,0.133347086984635,0.156710236849636,0.239095554205342,0.189293459488495,0.185928424717773,0.263214592635783,0.323171981683302,0.233208262881743,0.281489035987831,0.351462142630841,0.530923202117422,0.484234876671075,0.498263941806645,0.428101234213888,0.443275774556532,0.407581301963886,0.153272533834905,0.169449550207004,0.159138568843511,0.147006910136663,0.121997659447141,0.12475214995393,0.151602178186541,0.143512738800183,0.142631362692114,0.136975915708816,0.105502318739031,0.125058989202557,0.132874123799957,0.104000939691783,1.00100425338289,0.993433827075421,1.0224546446736,1.03084837037397,0.998984078213437,1.01584426918902,1.00753909712876,1.03438459231784,1.02444700203492,0.990973376989567,1.01783416589201
"HMP pos",0.0429563397656872,0.130170726562689,0,0.160018765215281,0.116523772689629,0.0538199859577457,0.0717052850285286,0.0534580397465314,0,0,0.0364603527253136,0.0348270155664836,5.60676644149798,5.83232671495003,5.00974233741421,5.19865024616924,4.8261278117193,4.93377321361772,0.459702902429415,0.404795120881331,0.450445645273296,0.58733423019406,0.294587908060882,0.414149632169473,0.366326157108697,0.333981637510187,0.339191228897718,0.301990515238557,0.0910762742784337,0.0921764704465595,0.146380687356122,0.167583144782026,0.0414712309397116,0.0349983939408036,0.0894341085332169,0.0356794512817378,0.0387160231167261,0.0678048702006496,0,0.164454580931619,0.692687705462219,0.826127986965094,0.98233624618622,0.580718988957237,0.652456808860925,0.777120363386569,0.0481027411665896,0.0738847617477166,0,0.0636423343298317,2.47084294270056,2.24785503072215,2.16590479292121,2.10172530769044,2.26634795892497,2.58196669759553,0.473010090765011,0,0.498287261585864,0.0495203927572327,1.11094717451119,1.20335047023907,1.36463472821052,1.18219586620367,1.2304145220009,1.18325600874639,1.17960103578146,1.16778412710319,1.17344530730922,1.27777619381733,1.37234799273026
"S-(1,2-dicarboxyethyl) glutathione neg",0.0245237706605465,0.0743144565471107,0.297819091773856,0.317851427044877,0.271101719444615,0.323403056228522,0.265725638476054,0.286117290439128,0.0138782063071736,0.0138782063071736,0.0138782063071736,0.0138782063071736,0.0138782063071736,0.0138782063071736,0.0138782063071736,0.0138782063071736,0.0138782063071736,0.0155281773104879,0.0138782063071736,0.0138782063071736,0.0138782063071736,0.0138782063071736,0.0251637518695811,0.0473321357979097,0.0258714821035592,0.0672649651242467,0.0229445182637922,0.0294308708046891,0.0138782063071736,0.0138782063071736,0.0138782063071736,0.0138782063071736,0.0138782063071736,0.0178668824009003,0.0138782063071736,0.0138782063071736,0.0138782063071736,0.0138782063071736,0.0138782063071736,0.0138782063071736,0.0138782063071736,0.0138782063071736,0.0138782063071736,0.0138782063071736,0.0138782063071736,0.0138782063071736,0.0138782063071736,0.0138782063071736,0.0138782063071736,0.0138782063071736,0.0138782063071736,0.0138782063071736,0.0138782063071736,0.0138782063071736,0.0138782063071736,0.0138782063071736,0.0138782063071736,0.0165826685416981,0.0138782063071736,0.0138782063071736,0.0138782063071736,0.0311450529885393,0.0178767062951189,0.0138782063071736,0.030059756500921,0.0228772219005516,0.0138782063071736,0.0248521441522637,0.0183200769518401,0.0138782063071736,0.0183758116859339
"S-(1,2-dicarboxyethyl) glutathione pos",0.00890918355289999,0.0269975259178788,0.312496575053681,0.284939501109732,0.292446616017388,0.278050001892377,0.284979018351425,0.26089772392467,0.00865621300250112,0.00972136700463211,0.00865621300250112,0.00865621300250112,0.00865621300250112,0.00865621300250112,0.00932418567347671,0.00890968494943366,0.00865621300250112,0.00865621300250112,0.00865621300250112,0.00865621300250112,0.00865621300250112,0.00865621300250112,0.0610738359328591,0.0537350959883795,0.0524526723554032,0.0533578323336704,0.0523038229365414,0.0461864601696042,0.00865621300250112,0.00865621300250112,0.00865621300250112,0.00865621300250112,0.0100309405537565,0.00865621300250112,0.00865621300250112,0.00973375570813691,0.0101300953715557,0.00865621300250112,0.0091711542805862,0.00865621300250112,0.00865621300250112,0.00865621300250112,0.00865621300250112,0.00865621300250112,0.00865621300250112,0.0108389309853974,0.00865621300250112,0.00865621300250112,0.00865621300250112,0.00865621300250112,0.00865621300250112,0.0100665042464887,0.00865621300250112,0.00865621300250112,0.00865621300250112,0.00865621300250112,0.00865621300250112,0.0100965108977051,0.00865621300250112,0.00865621300250112,0.0339321474252158,0.0389494503889456,0.0216404797724157,0.0347497262715418,0.0354123931845268,0.0356562949853616,0.0334740571642736,0.0409444211191338,0.0337890278559841,0.0320161055247663,0.0264836448973364
"alanine neg",0.387212115230576,1.17337004615326,80.0468102643713,50.3645826035952,61.7091089672397,45.3451917241215,39.9561152146352,42.7317355530867,2.96392534715226,5.94444308457911,3.19399787813347,3.5727364789984,0,0.573039608641584,6.24676605301243,3.25748248751224,1.23713086770112,2.63209009639553,0.995240094898103,1.72470758919846,4.957285612478,2.31892156061182,80.2270211741657,90.1997272973069,113.910369912073,119.700860262156,93.8025511224531,115.769532153206,1.74262811912067,2.53338697776644,1.05818483455428,2.33698525830479,94.9914129159413,74.0655945651358,78.4616846683228,103.966000015197,119.928524406515,83.5513138080408,2.13582112713335,3.3859933254277,15.8860541843418,6.27343008893814,20.1373339566056,4.94869389874243,7.1177606152696,6.20748497409924,3.06231591114027,4.93282754469797,4.1996657490649,3.55223343895762,29.6886645333097,31.7162561311931,32.1534640228141,29.7440408575387,32.6598952344173,31.7116126955795,1.02758556588037,2.02472176126271,3.73427077448752,0.975933322697466,31.4711552893051,31.9771562093176,32.8306665738381,33.4722425525502,32.8121861899613,31.1435142682906,32.0130398961455,33.6029641689814,31.6637437615637,31.5959203078782,30.7447959673855
"alanine pos",0.567738551529597,1.72041985311999,92.0409020856084,52.8433002413957,67.6889965272131,56.1288891165109,36.6740828096791,60.2282437723377,2.79503721444952,6.70623387749626,3.39428381062219,3.80824132397242,0,0,6.0174365082976,2.66823024604948,0,0,0,0,3.89337394548644,0,119.18670296752,126.811347001066,137.093477484316,141.910100841695,94.025431527495,172.044464010078,0,2.69949904604935,0,0,114.891827141056,80.8734726103919,90.0771558071765,147.849233543071,138.662923103702,125.441184218651,0,2.55838851255014,13.5165966227694,5.16195812799358,21.5334763272672,5.41779910753754,7.9835362910446,6.93471880243276,2.09100503803343,3.4300151786483,3.06071199872169,0,29.177797039815,33.4612443437183,31.2133113365221,41.688442924383,34.2870296065624,50.1315849990241,0,0,4.52862360965646,0,41.0010875496277,29.3407267814671,33.6156089759335,37.7316226960709,37.3049783299608,31.8648087928557,34.8648078678369,35.5989957361579,37.8509628772419,38.1135308719475,32.6260224312353
"amMP pos",0.0097955680441562,0.0296835395277461,0,0,0,0,0,0,0,0,0,0,91.1918070053355,82.1194617286242,77.4428746914,72.6221813091786,83.3629176492544,99.4485686098485,53.0559758231188,71.9009110713701,60.6708223977119,76.0204645136198,41.9551449194661,53.5464949546819,50.7937200051242,50.7227755177894,59.7285850880509,47.5102090315807,24.4015930426924,16.2219942020173,18.9366069848696,26.9494871854332,0,0,0,0,0,0,0,0,0,0,0,0,0,0,0,0,0,0,93.8723293997534,124.069008485431,84.7020414012942,100.647602959198,100.127802643602,92.4740367217027,68.4891827079167,55.2139926114932,58.2944689554712,48.0761424706759,42.6655064092027,41.7276906256925,43.7568425694581,41.3441189186247,43.7477375726373,43.9160197680676,43.5849044567298,42.8955279437762,43.0750559529973,41.8672614711153,42.7356594681785
"arginine neg",0.224376677637628,0.67992932617463,118.739169930775,105.559601262343,104.921801831022,114.43503939235,93.8150254855843,133.530258542044,0,0,0,0,0,0,2.02330337472881,0,0,1.04018634178352,0,0,0.876428770703281,0,11.905793374951,13.2227311956946,16.8054526426675,14.7527864956978,13.6723407368976,14.1951493712169,0,0,0,0,0,0,0,0,1.61584447989023,1.35429944187032,0,0,17.5218839880744,16.418678472859,17.4455747589857,14.369180524064,17.3391273559624,17.2033577388211,0,0,0,0,22.4545111102295,24.9879641779397,23.8373987891773,25.2196088213722,25.4706293330342,22.1181978786412,0,0,0,0,17.5767776130937,17.5946974577494,18.4099959012265,17.1814520801653,17.9510183121604,17.2191116498731,16.249807347902,16.7613995670066,17.2725746006714,17.2908179363755,18.1543308120976
"arginine pos",0.226962773690656,0.687765980880777,111.142535026197,97.7281155444785,100.474684384102,112.991082391175,89.6962521522254,118.211229715037,0.179812614272088,1.06385281612283,0.228842411109419,0.364945662338893,0.0706352172308475,0.105358928760001,2.14336295066628,1.19437167384687,0.38236795980659,1.54937414298241,0.197846869424842,0.401119108539591,1.19556099554552,1.08652144293853,11.3927129975861,12.3569328962102,15.0756106167723,14.1615149732555,13.2379307967614,13.5859456475231,0.255206130052864,0.728020855561124,0.34460763409347,0.697426825426284,1.05703779601659,0.789977147843301,0.745308196603134,1.11729225587844,2.03755364825258,1.7224000786093,0,0,16.0400717437958,15.4816441589956,17.5232947088158,14.0773736121293,15.4860770839446,14.1886783620302,0,0.892778957632936,0.643744790258347,0.513538909520525,20.9339952367961,22.4740198102382,22.1429433456204,21.6867279064208,23.6926197567399,20.7603302774233,0.415595651497504,0.844421604907439,1.08737389489072,0.277777309563278,16.2184603134287,16.0788134003035,16.3252193674459,16.2007628088039,16.1759665255167,16.5873040122521,16.5376057326915,16.5166536325827,16.4459148811328,16.3478504982021,16.0439604179576
"asparagine neg",0.126895380739215,0.384531456785499,14.0664556823244,10.0275915024217,11.7251404119524,9.81384256613002,8.5194341704602,8.61190580971361,0,0.628773267379049,0.233950216583766,0.332559978154554,0,0.305877750383754,2.69972853432581,1.66330770587626,0.749448022026265,2.28867766955081,0,0.245089338143463,1.0613730170155,1.39775059151868,10.5004770715216,13.230422191514,15.6616218378583,16.2144692790042,12.7881119893088,23.64766422291,0.196145524428099,0.39640491335117,0,0.372402615789198,2.99144820549005,2.22657117243386,2.41363662080921,3.44950183377659,4.99710420773459,3.39073437280686,0,0,3.30165674460719,1.29596177728148,4.05241965958843,1.08245320461918,2.44508934631676,1.31069221113485,0.26473722037033,0.610820096029197,0.597809934465264,0.420317027553537,9.94128005315498,11.4836189651632,10.7999311561893,9.52715897972179,11.0298756148419,11.4264344407182,0,0.284471484905481,0.430754069359069,0,4.84314840470884,4.83763101558223,4.70473710557503,4.69414535410248,4.59142282649122,4.80266962285529,4.73462314458793,4.72980008864724,4.73812472435222,4.78022471071717,4.67200051897041
"asparagine pos",0.114149440409268,0.345907395179601,13.6716215747324,9.54105679617589,12.3505296839133,9.95989572560688,8.00415949231691,8.75251158898023,0.267556860703547,0.813761150316497,0.364506590691486,0.495658747722881,0.253201653057405,0.382846434435043,2.7692610968103,1.76086987970494,0.830568209011443,2.29880121268397,0.251457756499459,0.376607653508845,1.11008554854437,1.48816954633872,10.2900266686247,12.4847734939913,15.4863992642798,16.5899037700899,12.5327993392236,22.2701010036932,0.329145448727391,0.515421642626682,0.277097819817936,0.528297418484967,2.90147871831964,2.34266941934585,2.3762040747857,3.35193105394831,4.8265217657298,3.21797042656535,0.0540391276687924,0.151864170369718,3.50773881210723,1.35744449902031,4.0794527509737,1.17078614475957,2.32074510401607,1.34462126715278,0.415373378030178,0.775967985126841,0.636720940346496,0.563187409439627,9.89803266078525,10.7594627553978,10.7008825630467,9.49674407118219,10.6814376815919,11.1337024459809,0.219865251096738,0.41309159174996,0.555541618393737,0.226236778646703,4.57182409453402,4.69442704425559,4.57086815321131,4.64837789076861,4.49552952487009,4.60019339074161,4.61533024336048,4.71599012420279,4.516539911091,4.58691343113489,4.64368321412208
"aspartate neg",0.344519922020437,1.04399976369829,66.5170682466882,54.1427057689521,62.8189484633526,55.7873402821921,50.3426289966162,55.6176175656299,3.92085727979711,5.87393193274444,3.73229317024393,3.18859908654682,2.59906183568649,3.24513320233613,9.48902493380084,6.61149076897158,4.43523632643949,5.12338593677886,1.16862351413929,1.93581313600277,5.37002085070142,2.39047151153344,39.2584846148092,43.9153921273292,50.7373512406867,51.6165317811322,50.4988321072413,65.7916378711957,1.41184182719238,1.83245427472964,1.04089156728657,1.9883028772878,53.632569558785,41.0286823786987,41.4854840820171,56.8884289908882,123.28456366703,47.1199686837773,0.456480004808114,0.937537337201866,10.6070544679515,3.01815813100354,14.6863409065828,3.50070044354741,6.67713571526931,4.43576174246139,2.43212251104939,3.76942886607016,3.53414868393058,3.54129739977982,18.6155966302699,20.965384438078,20.6204119049233,21.1390487666829,21.1509969150004,21.8791223707903,3.66705475494829,4.04046148260533,3.06557064923846,1.95494070120312,23.7862645105111,22.2905584206566,22.8676774326843,22.2775776981021,21.7800300246401,22.9142204416488,22.5347027306384,21.9815315781447,23.5610163007275,23.0149142602149,22.4689817661595
"aspartate pos",0.330305142293388,1.00092467361633,60.0028032072594,43.5759023686457,59.9819353530797,49.2268207926803,52.0779361051079,47.9828771519255,3.80098534437145,6.07878645089647,3.61814342788077,3.26219178748334,2.80125116861656,3.26329593225757,9.45675064119775,6.59147528047704,4.13458910044431,5.23006965820923,1.55708819246639,2.26905711528223,5.19072103885726,2.75716848866989,32.9968273312072,38.5958310687346,51.9996045415673,46.9951042565571,47.5520273129732,91.0970207181472,1.82740143421836,2.16949533051134,1.42156151804508,2.46291425828273,47.0379040189816,39.5661099637709,38.0301736126901,55.3669787216691,110.261084262607,47.076007977557,0.905814573395288,1.51470939024866,10.2847174592044,3.22212183814508,12.9837711526324,3.49775025525333,6.35256893957224,4.27276067050855,2.74340485114434,3.89568255846399,3.60570311016799,3.76359787550368,16.6773575597084,18.7030128178438,18.7035910066614,17.6502206431615,19.3668722405388,19.3954833891492,3.58709103272834,3.72024508194846,3.45386532257615,2.34713064409492,21.3642082412796,20.3369642157502,20.781409724269,21.3880617505172,19.6677991558665,19.2455769899437,21.0338569003299,19.5214999977429,20.849154427862,19.7928743485551,19.8900987994672
"chitotriose pos",0.0205255134784825,0.0621985256923712,0.0409334924322068,0.0409334924322068,0.0409334924322068,0.0409334924322068,0.0409334924322068,0.0409334924322068,0.0409334924322068,0.0409334924322068,0.0409334924322068,0.0409334924322068,0.0409334924322068,0.0409334924322068,0.0409334924322068,0.0409334924322068,0.0988647692780285,0.0409334924322068,0.0409334924322068,0.0409334924322068,0.0409334924322068,0.0409334924322068,0.0409334924322068,0.0409334924322068,0.0479899789657709,0.0409334924322068,0.0409334924322068,0.0409334924322068,0.0409334924322068,0.0409334924322068,0.0409334924322068,0.0409334924322068,0.0409334924322068,0.0409334924322068,0.0409334924322068,0.0409334924322068,0.0409334924322068,0.0409334924322068,0.0409334924322068,0.0409334924322068,0.0409334924322068,0.0409334924322068,0.0409334924322068,0.0409334924322068,0.0409334924322068,0.0409334924322068,0.0409334924322068,0.0409334924322068,0.0417477907452944,0.0409334924322068,7.10022459556766,6.84068982808321,7.19999628869146,7.54600514681994,8.38022335657027,6.92575866611195,0.0409334924322068,0.0409334924322068,0.0409334924322068,0.0409334924322068,0.747667165874965,0.826753824865365,0.791594785228863,0.833928691986949,0.70643451409612,0.799898671842522,0.749526993535353,0.781601669500887,0.822910562945162,0.875402427336356,0.802047724153675
"ciliatine neg",0.00528909131436162,0.0160275494374594,0,0.0092420568951622,0,0,0,0,0,0,0,0,0.105345052312944,0.0929808125925695,0.132961018841555,0.100164640114072,0.119999788934627,0.117109624040988,0.121310621437371,0.0914809202908986,0.0912223115733274,0.11409693086981,0.192932965386924,0.185419843942645,0.226999651572978,0.194421087788619,0.239664375753998,0.193442909677108,0.199261653672112,0.213680526310742,0.168545855411044,0.196089301727602,0.0744561517599794,0.0540951948775565,0.0466895485365216,0.0794238116574102,0.108629215768928,0.0652901815497115,0.0841147444287745,0.138871299722324,0.153402390120835,0.164216586879671,0.147069276477268,0.14661470280769,0.159367939828955,0.163252261862976,0.16910050605104,0.169584043293595,0.157986916022132,0.134848616696335,0.104160233330576,0.0986584881051583,0.0913746984610611,0.0919575162472576,0.112700922727534,0.103625754369326,0.0792702790068724,0.0861418402380605,0.0930656587869191,0.0987310376409261,0.101692771713965,0.122280182423395,0.10175974545216,0.123663916692254,0.126241465079193,0.119807100908916,0.119595871320255,0.114919703101612,0.114894997983123,0.129192850243389,0.124010045919936
"ciliatine pos",0.00283879935422682,0.00860242228553581,0,0,0,0,0,0,0,0,0,0,0.0679570118846178,0.0565168837679049,0.096091302470935,0.0689719065857401,0.0814754978578251,0.0835974863208211,0.100297591417374,0.0797151407387314,0.0927775695336986,0.1151983024196,0.183363817482534,0.176943337348454,0.201419255019416,0.190069348726349,0.230775982086084,0.170264578214193,0.17269691304759,0.199774616080986,0.174784563303725,0.202324630043798,0.0643952187906097,0.0449909261747647,0.0416910366472351,0.0700581166978218,0.0968802731188268,0.0473274900131521,0.0837332393708058,0.128286759587513,0.128662858898756,0.144318427058455,0.149867656413434,0.138654795801539,0.151760966587092,0.139148140436637,0.17131405338401,0.150840946929365,0.15272970791957,0.15173716932018,0.0833448557759013,0.0872459562726722,0.0858484447971138,0.0711566189424633,0.0881893213312245,0.0894523572369231,0.0792448204135659,0.0670319681786781,0.0659453296941592,0.072853353407812,0.130361014738103,0.0965809555884742,0.0940792606502076,0.108691062821174,0.0912972083879042,0.0922909321667718,0.098573394998535,0.0883780106074466,0.113634257388865,0.0970924863464667,0.0825843209800141
"citrulline neg",0.29891234362605,0.905794980685001,10.7398948528858,7.22212868897878,9.73282931066497,7.89052068087503,7.53807140290288,7.44798715259957,0,0.716788521567161,0,0.229559740857785,0,0,1.11502898598824,0.246177335340415,0.293313812114345,0.67298816679102,0,0.208754846186257,1.09266910054703,0.199836424214788,0.19487590762263,0,1.5956854823259,0.938602443175184,0.381036976452087,0.736264331805172,0.22024969122845,0.524624953227972,0.152985282709611,0.499260395158788,2.65036235067389,2.05673114984734,2.24904407711005,2.94759526840866,6.58765224538035,5.36392161200185,0,0,2.16192221532397,1.12812677500755,3.61524559406222,0.661274430578614,1.40824732858766,1.65279054903898,0,0.914525980645148,0.480984455775672,0.358539423923583,0.166650489130406,0.270182483175959,1.04827563315442,0.467821884723013,0.430889726324419,0.739236318138348,0.185593117903122,0.73242059146055,1.9954329397847,0.186390580613799,1.7232999330725,1.66503049654601,1.64553859205526,1.68135842423495,1.66057676002475,1.62380542810659,1.6668995460387,1.70901036986878,1.71075339540399,1.74723121433474,1.61910290766965
"citrulline pos",0.292040584197051,0.884971467263791,9.88186643829195,6.75889778878385,8.95752115509301,7.26932140421902,7.22707148659016,7.08348316989801,0,0.697278593231063,0,0.200365448807138,0,0,1.08664049049228,0.245481125131288,0.297780479543329,0.684067470632126,0,0.20559380975207,1.06387194473022,0.229251161627524,0.192900572064931,0.124085537759988,1.63265477016994,0.956428484397956,0.374370821219718,0.792576278395423,0.221827790431592,0.498154880070762,0.174353721495315,0.493348966719372,2.5311909706004,1.92785927685071,2.22696239816758,2.77964867975856,6.72774968511324,5.72287448052192,0,0,2.20209531294927,1.06892821029558,3.19659410002746,0.639962432510529,1.33309496954758,1.50116091827508,0,0.884899819829958,0.513434503362033,0.307972454258587,0.211655737485769,0.317908796768976,1.03586473007808,0.471077203074151,0.40346548346318,0.734689705621584,0.139273778580597,0.719013568178767,1.97737967725669,0.201851857594479,1.68542905073443,1.63429726077749,1.58036265615855,1.67484952940342,1.61012619393083,1.54718924369603,1.65302987220018,1.60891765682422,1.68799403961782,1.51531297954714,1.61979307465859
"cysteate neg",0.0168099206079842,0.0509391533575279,3.23036888789699,3.20877761616998,2.86646474217379,2.80870336178129,2.21502896676565,2.78797272247831,0,0,0,0,5.10230849164988,5.14715177753162,6.41031807376048,5.38823568545883,6.18970970292643,5.7078236058604,0.129080460214743,0.116415407694087,0.157077117223987,0.679536074840223,2.78614547163563,3.51981185497953,3.18619496753214,3.35047699443347,3.24977086816809,3.61103355299864,0.234124521215034,0.337071662982903,0.190742049794943,0.251645234429283,0.925199457763489,0.649553403348515,0.775963305261473,1.00640811142562,1.40672297108527,0.784830112608037,0.131705601317328,0.207823568115994,6.22149085293136,4.82782868813507,4.27113626492706,3.901400807479,3.68146586800957,3.83914247256176,0.189419436474081,0.185228007077283,0.182474778857326,0.180806453693514,0.470311649361897,0.511971830862201,0.541262836029291,0.467914345984099,0.487206931897741,0.593535397168636,0.123413645807605,0.113812002314893,0.132954827637811,0.125400075428756,1.90193577912814,1.92038050507355,1.92431026574844,1.87480737494797,1.95161750042497,1.82510135438875,1.90325890093397,1.93217331641385,1.86893972605623,1.85736820108461,1.76416723972067
"cysteine 2 neg",4.58918822535965,13.9066309859383,8.22067028705446,7.90093669147115,9.15455604819471,6.68439246364879,4.19681434724308,5.49985743595543,0,0,0,0,2.15426017298339,3.34095128178452,2.78901126663048,3.09759229947554,2.7758456392414,3.05234252398213,0,0,0,0.884922406307506,9.92849908923153,15.2466201889435,10.3080534423783,12.4733098536149,10.4268611622284,8.94697316308182,0,0,0,0,6.08084980358276,3.9671496878219,3.91316946837327,4.94169640943164,5.99919424670505,4.60626603251157,1.00238477631648,1.30648766249686,14.6168436388458,11.2234535823577,18.101078354431,8.32828680952857,12.307123404168,11.4999782551902,0,0,0,0,1.31008172917544,1.59464493250295,1.44545744846452,1.90643848275407,1.67375239277262,2.02327368974753,0,0,0,0,2.70657752493525,4.48275722282979,3.22129244698759,4.23378056577477,4.81067558483975,4.04836084649684,4.5633602012646,4.13507289500635,3.39774277663954,4.92355958026401,1.02093872535445
"glutamic acid neg",0.229738283058643,0.696176615329222,623.771841458086,486.312901782618,537.765749620795,493.782139771345,397.83244628166,471.633320519182,0,1.02486082967008,0,0,0,0,10.5419393277022,10.4780582960099,0.53264536279188,8.147701129924,0.985237661602028,1.10131905309606,2.38516589403472,9.45886822178742,62.5080218097233,72.1413630874255,96.7024295084607,107.718029682431,88.0070836416565,216.264783919556,0.629302638346095,1.37686637956152,0,1.00858617180109,195.445573602939,148.429671336865,155.290004390038,198.760989935296,466.628985211612,175.075706034405,0,0,118.833712788044,139.368571332035,172.482862231975,137.838830336421,129.289760172787,135.003648641613,0,0,0,0,31.6843046824389,34.6424366907099,36.4452488581989,32.6143116684205,36.7376309538683,41.4035540178904,1.36712179952331,1.67343675312732,2.01973681159522,1.37040865228171,106.300621405549,103.15396459757,104.771226401914,106.765141083365,104.80726043327,105.65061567838,105.950019569634,108.165151523892,106.190839654202,107.917860616732,107.301338170933
"glutamic acid pos",0.221418948266236,0.670966509897684,611.244551036831,501.609537697277,534.788401375022,502.958157853871,411.53049363499,459.131531423645,1.26694392205559,2.81614811280063,1.57245186237673,1.70386645639774,0,0,10.0153506183056,9.76085165119264,0.731037228359599,7.52094264856107,1.08392135644216,1.18496489825085,2.45203640324536,8.95695525948729,59.9855922365135,66.0722453264488,90.7779923207658,100.135755452004,82.3266256518739,211.029731432029,0.707775552369043,1.40902256199982,0.713085391691858,1.18907224940269,189.079198385263,141.619923291331,146.938982573336,186.298166966536,421.529984872524,168.083844541805,0,0.502568982463255,124.336472409353,132.704790943098,169.216951354948,128.331059844792,123.336377371957,125.493772832426,0.882007905211728,2.22895768154976,1.06751185510117,0.75151129220909,29.9389833215743,32.4954667849597,33.6386767277098,31.1385023893393,32.5956679219438,38.192325576227,1.51308755617991,1.72483926233861,1.8593808896399,1.51276279813465,99.9533601823845,98.7329652275405,99.2463188670575,98.9736688345849,100.222312862806,100.353622627992,98.7132389540598,100.685503301909,99.0537978010588,97.4313855010952,100.366224947905
"glutamine neg",0.116235693125813,0.352229373108523,9.31594602201525,6.78641418062966,7.64192934784099,6.91943846961662,6.51470307722774,5.95992337651291,0,0,0,0,0,0,1.29630951223059,0.953576657144992,0,0.93234801686256,0,0,0,0.817248347667459,4.28155620476472,5.30233641265058,7.71892001481495,9.96231073156708,4.15306414504302,26.2013126505025,0,0,0,0,3.58861214259645,3.5332356166231,3.56587804065117,3.07550331950584,10.2827899145951,3.88230405722381,0,0,2.6429130792223,1.9357518459416,6.63858407669889,4.11631880306656,2.34892955826503,2.25112691501858,0,0,0,0,4.8376942065801,6.88222426827361,7.75721114108801,6.16321774625339,5.28901717319371,7.66478956892308,0,0,0,0,3.13182412162679,4.31695659564665,4.69605059426084,3.59105874928167,3.20524722796224,3.31401266102452,3.08342914888916,3.07074789646291,2.96575350334145,3.20922435362445,2.9975235382557
"glutamine pos",0.164550665560078,0.498638380485084,10.1277350513889,8.95212893329825,8.27221198941757,8.69987637679298,6.00090804789341,7.44430165546112,0,0.197151690542089,0,0,0,0,1.34904863217498,0.988876813090736,0.188585264447318,1.13491980799663,0,0,0.33073763559131,1.02226960468687,4.21978736327904,4.62887601448185,9.2856698589559,9.98931719987629,5.93385739822903,28.8510517362763,0,0.142467785723397,0,0.151387647912964,3.25930063124876,2.5613493431943,2.50193182453714,3.45820545714122,11.3417700530522,3.85926018055237,0,0,2.77345995189973,2.26444747110764,4.73255855162841,2.80983014036199,2.4501213686976,2.48822086445289,0,0.0810458584195544,0,0,5.65644305988866,6.28925245518534,9.03837226028741,5.9868576727182,6.40889403607487,8.27060696545984,0,0.113408344906163,0.138449144130161,0.0953286820737992,3.67507177866788,3.48923665681224,3.67623455225704,3.54443586270059,3.57243207401901,3.5511883205763,3.54943985986086,3.58797317892733,3.57836830838401,3.61982841121498,3.54588133464911
"glutathione 2 pos",0.00582515147163593,0.0176519741564725,24.8911874632234,30.0640636308028,24.6823654293489,19.09333415635,21.4603100679508,16.4683210646742,0,0,0,0,0,0,0.437669207822161,0.32985581247237,0,0.283150628990506,0,0,0,0.307912155741135,8.43624728696603,6.35722831016543,8.54573773213827,7.29842775195805,8.86125605916894,8.05739344951398,0,0,0,0,3.15203980610388,1.47957239529912,2.68426999461617,3.35187468626816,11.2233432315429,2.27495334460071,0,0,3.19756015217478,1.78375823220845,1.89374300481162,1.4166433414857,0.913895125756755,1.16040421540855,0,0,0,0,3.86822419664395,3.35435884995366,2.57205423073515,2.61936131394456,3.57309427364534,4.58854110454002,0,0,0,0,5.31126238965933,4.60939587730257,4.54368714004214,4.10967315596197,4.53787184752107,4.47671816214495,4.63548806418759,5.03165127187045,4.06767752295333,5.0841243737042,4.37932527220993
"glycine neg",0.760735796617377,2.30525998974963,51.5277422294786,35.4725078985283,34.8345552206955,29.92771972867,28.472743431224,28.6488001506459,8.20157986985704,14.0273875492499,8.03085794590377,8.92918823985376,0.973770277191439,2.1105108164042,13.1494361758129,7.13185709503205,2.91049554326694,4.80844492518809,5.05112197836316,6.35498037291691,12.6669147792477,6.874480526059,51.2206905355886,55.5582509510279,64.7357299981405,64.689608259982,61.2683816817952,64.5459444725037,8.06739977840359,8.54712141271047,6.26767972810127,9.18274917534729,35.6196145335586,28.6218887934614,29.5166742898442,37.6541558379088,45.7195396660107,37.5404659493743,3.90005696581035,5.87582292609583,34.9364627046485,7.42366640044937,34.5827472555813,5.02052173215045,9.45596265655558,7.63219026250284,13.764946111004,15.0556890059842,13.7826365995994,14.4030519008802,15.4329841986742,17.4084383840905,21.2437698869065,18.1087609618639,17.3319345889219,17.8670014981128,4.48126967847432,6.68949772072081,8.87993031594538,4.57532317716746,21.2544919683398,21.8139685051117,21.0150906666675,21.7473670419629,21.9684643313809,21.285625891313,21.2006335351917,21.5823808323957,21.115646484262,22.7041471089376,20.9751057443345
"glyphosate neg",0.0197288290846078,0.0597843305594174,0.00429013655336672,0,0,0,0,0,0,0,0,0,0,0,0,0,0,0,0,0,0,0,0,0,0,0,0,0,0,0,0,0,0,0.00576472219355548,0,0,0.00985617703308543,0,0,0,0,0,0,0,0,0,0,0,0,0,0,0,0,0,0,0,0,0,0,0,0,0,0,0,0.0103260885839835,0,0,0,0,0,0.0113891863251742
"glyphosate pos",0.0678122408771495,0.205491639021665,0,0.0105312927923486,0.00431220405177584,0,0,0,0,0,0,0,0,0,0,0,0,0,0,0,0,0,0,0,0,0,0,0,0,0,0,0,0,0,0,0,0,0,0,0,0,0,0.0238660825748836,0,0,0.0191672059181265,0,0,0,0,0,0,0,0,0,0,0,0,0,0,0,0,0,0,0,0,0,0,0,0,0
"guanosine neg",0.0351175685390412,0.106416874360731,14.3169986960795,29.0660114745888,13.9704494522159,20.3622370720167,57.9985451558459,20.3777183430976,0,0,0,0,0,0,0,0,0,0,0,0,0,0,0,0,0,0,0,0,0,0,0,0,0,0,0,0,0.656413078290922,0,0,0,34.3085700969478,20.5830393966058,14.3786722983715,19.8017846830512,20.9201544517803,18.5451852798678,0,0,0,0,0.938086998284625,1.12616061483831,1.31229218499228,1.16136939460069,1.44798232699403,1.26526492189082,0,0,0,0,3.79068429977337,3.39628025069494,3.05214379604042,4.07357054182024,3.89698120425209,3.05510840742187,3.63730063543943,3.62413452984826,3.34063425621216,3.72229503329425,4.85529181347897
"guanosine pos",0.0436975448522409,0.132416802582548,13.6392991965974,24.9363506895172,13.8170336089603,13.8622501909112,22.6787893954978,15.5954563336237,0.336462740294362,0.334625447552554,0.337422666867871,0.340761422479491,0.359208176523689,0.337216827648008,0.355988214456453,0.347453127833582,0.362078344740505,0.341294802290665,0.351330402659469,0.343282915943853,0.358425744255463,0.35267451183995,0.34192319182211,0.383428468873142,0.412803300132417,0.351609105457553,0.394493024396935,0.390016668043938,0.344095620330625,0.337639789980371,0.340122403943536,0.337426298994679,0.534263317082212,0.428572738722721,0.48598450258764,0.587809392110177,1.11763658775409,0.575449880975191,0.334625447552554,0.341757019091169,26.1647055167511,12.7716923809867,12.4532334576212,22.1881530184427,15.0950495631915,15.3823233542466,0.340927183401414,0.337724266995465,0.345708487713526,0.338754934867339,1.59291509894043,1.3565443775143,0.971912157331696,1.747418023476,1.88556535416734,1.45742728086588,0.336098106727384,0.338482496288077,0.339198867083571,0.341146383806099,3.55460249207674,3.46784290826978,3.41783135849489,4.1135893991343,3.72960685281799,4.27935947358875,4.04857797739106,3.68236741583823,4.05200797269593,3.41790518050515,3.44958972017957
"histidine neg",0.227277441650639,0.68871952015345,5.40890623037115,4.22822612741847,4.51018941016622,3.68095922126644,3.06868388628441,3.88249111751121,0.126973083404162,0.988500557134802,0.232007158188807,0.416187547809088,0.112825364384103,0.127068952073623,1.69092973553161,0.848228521275937,0.484079019917663,0.804040964091583,0.305130636896767,0.303597882641704,1.50881923108823,0.500060147570545,5.19272249545835,5.705492961853,7.55420631702284,6.80558189805085,6.5670433233268,6.51537721267538,0.552978629878383,0.483026563768306,0.327932912491847,0.675796608246433,0.092421460103604,0,0.0838121552326102,0.140245021843694,0.216183593025293,1.49921329025099,0,0.089325705091147,3.59172310946382,0.58782722234142,5.64180767911473,0.154105852678382,1.05246279931228,0.859943654738141,0,0.678206048092121,0.512548559098112,0.30952367620283,2.66597748181113,2.73831678584858,3.44631016464771,2.69284753183837,2.81590692242882,2.91589828660887,0.278883959647838,0.737362671682999,1.2057278153722,0.299640641947025,1.89751706625386,1.79411031019571,1.8115149650465,1.90995732833835,1.85087681790977,1.8566882704003,1.87695749530444,1.96364296049109,1.8801347177049,1.93618866871109,1.85947451965712
"histidine pos",0.24391301826715,0.739130358385303,5.62716357631309,4.45345531345697,4.62576456117673,3.95724113877262,3.21532809441797,3.90016050397283,0,0.991102796033806,0.208136333257546,0.372184873462036,0,0,1.92637769158819,0.795369329777233,0.49343744097698,0.856525057543988,0.293598416481114,0.270605063104838,1.44896606229144,0.47277842575412,5.3598412314332,5.95684785006364,7.90694179080812,6.98558524241801,6.6570723490905,6.43385177126843,0.555560476772999,0.528961109903578,0.274755692791337,0.637535269029609,0,0,0,0,0.192428893630708,1.50449182868009,0,0,3.72479411251383,0.596780655822072,5.4944733675703,0.128225867537729,1.12293116348099,0.783736500067478,0,0.697978575551438,0.467190244037066,0.303468822261717,2.56616228925476,2.5583299620388,3.68466957922149,2.75692964874034,2.72102258331971,2.99221868229864,0.23661883010275,0.647440982422067,1.19383472209267,0.258150183902608,1.93781940250251,1.85469428171177,1.89104905526486,1.8795918795775,1.89837635943236,1.89690482843609,1.93137765380285,1.90833065771392,1.88237920010454,1.90815359765889,1.91031188852942
"homoserine neg",0.0993289874455949,0.300996931653318,6.30116195504434,5.85893672270381,5.43393776387439,5.36890649266552,4.82304128262403,5.45153929703948,0,0,0,0,0,0.105094958773398,0.113193223544731,0.238235965106753,0.114390768831234,0.0652363998938694,0,0,0,0.0803025935118592,2.54234467591732,2.9444620624927,3.01080188882232,2.87539645531486,3.17229152762193,3.22077037791693,0,0,0,0.0378571817243775,0.88096665036162,0.658282852379635,0.835178967914323,0.85106148771541,1.2931057210211,0.835679469403388,0.0556651542970342,0,1.5120350126867,1.73446707509506,1.6386783827466,1.5226424398326,1.71651206105291,1.40727412595171,0,0,0,0,0.539780414068845,0.415537101563903,0.492955570525954,0.502090522313042,0.570758868039987,0.604251196414301,0,0,0.0805200596677918,0,1.32434443740229,1.31428845690438,1.26775594512013,1.10460415771279,1.35622502079307,1.16226234652444,1.11693623715121,1.20633185911744,1.13460788558197,1.22451719891801,1.25549100592714
"homoserine pos",0.0846315947692329,0.256459378088585,6.87894739340104,6.63726172120681,5.61091961740606,5.72858384211235,5.14661702742059,5.92752338160125,0,0,0.126222279842153,0,0.0947506318106826,0.237317032778159,0.218364785146056,0.260467493454635,0.13066777110226,0.102691703078367,0.108280437520131,0,0,0.0460085769568371,2.9735645932237,3.66491221799785,3.02155119505363,3.04649256346924,3.48332670056469,3.10064668452894,0,0.0387010900582067,0.0707482586967939,0.0730533203813198,0.933180829911968,0.647774976007828,0.553998494291253,1.12860691563096,1.37159773078448,0.848026979755883,0.0591601507125504,0.141225512815121,1.82322141139015,1.71973898340602,1.78184658956964,1.58584306071516,1.90928408036878,1.54633050117553,0,0,0,0,0.436514804794548,0.751857501445521,0.485365025799972,0.432258167262306,0.561902200605903,0.733083222066575,0,0,0.121775182567044,0,1.43199491912307,1.27938813922038,1.22256963799672,1.21256196800646,1.26394803634287,1.27161507223498,1.16713059347938,1.27529510026986,1.24012090307258,1.29912484436088,1.5847261576355
"isethionate neg",0.0216964997240802,0.0657469688608491,0,0,0,0,0,0,0,0,0,0,0,0,0,0,0,0,0,0,0,0,65.4342102370156,80.7757960696315,80.532498611128,90.3358094367369,91.738174677802,84.8418584713315,0,0,0,0,0,0,0,0,0,0,0,0,1.47462801561485,0,1.38031015463766,0,0,0,0,0,0,0,0,0,0,0,0,0,0,0,0,0,8.44163193877631,8.37601387070174,8.31695373006604,7.56699389613031,8.21076448328827,7.92709605644028,8.40277234806298,8.72590553197664,8.23820854803333,8.19596832085387,7.83792319731722
"isoleucine neg",0.0601374003704059,0.182234546576988,35.577178631268,24.2443238666395,24.7298348330755,20.8254693150214,15.1105789157703,18.1173465495316,0,0.391144210741698,0,0,0,0,0.940953728713243,0.234538868561634,0,0.267993711969613,0,0,0.826374151899627,0.188008589137604,21.727833765719,24.594844115978,26.4862343012549,25.0684217046582,26.7086761541972,22.5733645300071,0,0,0,0.187747734913888,50.0984662046616,38.7554783646564,42.3206542269508,53.6303164083621,63.5106536984784,45.4430548088712,0,0,149.906745308532,127.916163763416,137.482016463186,112.930208408523,118.056270972635,118.866524433925,0,0.195346326999063,0,0,26.7447965769768,29.221899175594,26.5739767118731,25.8967296395218,30.5888710449351,25.5887627284534,0,0.227430676957661,0.342068690893867,0,25.341269326787,25.6187514016932,25.0992303743162,25.5706498924833,25.1561445486872,25.2337628860074,25.1098074200822,25.5204554385971,25.9859272604981,25.4940914546208,25.3991131109162
"isoleucine pos",0.0648241721527546,0.196436885311378,30.846434058709,22.8639928368206,21.1342935205393,19.3167330743344,14.0882809928086,18.3950187741538,0,0.314217682659385,0,0,0,0,0.952143730444362,0.457467220519465,0,0,0,0,0.444686315352361,0,18.9879095997716,23.2380040969215,24.1094457485606,24.7778436853112,24.7389593914892,21.6647116076534,0,0,0,0,42.2954226041028,33.2679292224829,38.4225840508849,46.6438115147165,55.415452937616,39.89693953434,0,0,129.342375573911,126.722094802691,123.418391810451,115.197701992719,114.806092514792,109.242497097157,0,0,0,0,23.6112141674171,24.6508373130103,24.6745120612809,22.5816193623802,27.2548026051607,21.1391502530432,0,0.403469680303399,0.303605356434915,0,23.7330143698547,22.048993353519,22.1022485850629,23.0205196298005,22.0912387997858,21.3025252182823,22.9328490684908,23.2786500141312,23.4991806387988,21.8389056157069,24.3720221573168
"leucine neg",0.0542698020075251,0.164453945477349,45.6808105861,30.4356199285711,29.794768780327,25.2010925648745,17.4180433711492,21.4476341277047,0,0.487948845170626,0.152166525555321,0.202489431270116,0.952980765054127,1.04850171432898,0.878820622228746,0.353141664183705,0.167306158630338,0.376026731654944,0.231915203492781,0.276307947872227,0.874133111416099,0.351185540739361,30.3403861628514,33.3431633017109,36.3256548268904,34.3226653101937,36.2771561164688,31.4853545209988,0.149287028593014,0.264107989794083,0.151550534356538,0.333087930137495,31.2063903938772,24.3510617583805,26.903157213543,33.8310885410167,41.232525448446,28.8883397649102,0,0.139979977692598,57.1834767141976,53.5806143691096,56.6102530495107,47.7847187802837,49.5416056370296,45.1544460650617,0,0.365479125896002,0.29814325910011,0.217566706067276,21.647349232305,22.6750177346128,21.2137168646995,20.0923974852781,22.221709568029,20.2171336196376,0.121464052372179,0.363416952267039,0.48081529263839,0.127829688398325,17.2460901188832,17.5966223519907,17.0164143455878,17.5020145342156,17.5691369308222,17.1239203371448,17.4440733498664,17.320125708814,17.5097844319255,17.2466254304264,17.1963080464704
"lysine 2 neg",0.176233635285997,0.534041319048476,34.8447020783412,29.4124411207068,29.8645233359092,27.3883936005143,24.4525251010673,29.2580873836767,0.127572178733528,1.19451413262114,0.226751146423961,0.42212341468072,0,0.150339357824281,2.47988837376063,1.13681258903123,0.449983585756317,0.9770824036297,0.279213544362779,0.480524740015464,1.9695409305133,0.695956177419695,24.1013827835149,27.881452966735,29.6911651944343,28.7342266627237,29.0800563137869,28.0073893458233,0.339792599606024,0.658908675173544,0.246670242824104,0.746331005317351,0.554670483733252,0.382680606106107,0.45934524915425,0.65686212488813,1.15827281770734,1.54083816952994,0,0.181679168198479,10.8716357520321,7.4724647996116,12.3940974428735,6.43797798952339,7.96802776513581,6.97635024686518,0,0.804053921635955,0.545141508129251,0.366094106711787,10.2822512983331,10.4833881919345,10.965329167358,10.0616157633277,11.2623750227672,10.341714845314,0.278334719448711,0.753638988778211,0.943043132882498,0.305932255937263,8.4154628935146,8.4804929591341,8.40636329158158,8.57565612167835,8.60046446601131,8.46208099855422,8.50617754024228,8.4045246231573,8.5822929384228,8.19454605498318,8.62742204796734
"lysine 2 pos",0.1826221787554,0.553400541683029,34.3364216082248,29.8590420453328,29.8654717436759,27.5175733839008,24.975468567277,29.9835023798793,0.149633019595492,1.15994722741343,0.25202266866905,0.442022064243381,0.121933865763714,0.167148158020657,2.44254368738918,1.15467610472769,0.465883896698302,0.981506486916999,0.327482919056006,0.479464679466297,1.94310420972839,0.736494476509188,23.8413446604435,26.0895488823534,29.9825462084686,28.3617875535926,28.6392196742593,27.9527219085596,0.359149438694738,0.67392439603697,0.268543036687978,0.766491613091289,0.544797991952287,0.427187221178915,0.412524458561355,0.621213619503443,1.13034459975265,1.45151736416094,0,0.231770141009629,10.5181331196372,7.22485265308209,11.8165809247936,6.13470003339896,7.50527196451675,6.8398798856251,0,0.775030240840527,0.580996051299479,0.405825327743162,9.58218878453308,10.0551481293909,10.0935106218225,9.97243132524179,10.6542569989853,10.3965125948373,0.287070865868598,0.74365110011436,1.04007935383174,0.312594695157255,7.98209968708116,8.34866615605021,8.10667708173654,8.27196848432811,8.28751812020544,8.08235314198656,8.14546356129785,8.11296060332706,8.07600945931119,8.22946059359116,8.02469175319616
"muramic acid 2 neg",0.107823485628264,0.326737835237164,1.52252367910559,1.39083094611317,0.52015654790693,2.76246852127281,0.545733893596939,2.10953692514696,0,1.16696177443353,0.37623320990104,0.157122639224975,0.327999394353526,1.10329063211359,0,0,0,0.943181277915913,NaN,0.668051099290725,7.12851388519494,2.23494196983764,0.29516527100487,0.797319840581446,4.43338911782175,1.421155101762,6.70103563903537,0.669760871410206,0.376381837392612,1.73346558898291,0,0.180681908480198,0.30616151144666,0.222855901200388,0.8797463513751,0,0.174427347351245,0,NaN,NaN,0.940230994213117,NaN,1.46519564915512,1.19067881054896,0.224935829236717,0.586178152863918,0.857948122433189,0.420773706696412,NaN,2.70276487678924,0.857943979287757,0,4.42114670625501,1.20475590211384,0.106322791711106,0,0,0,0.119352508556421,0,0.349468742596826,0.582988852638774,0.325233369303873,0.613835898481681,0.604412428637906,4.53552040329031,0.659811557088532,0.733861465594233,0.94494402837823,0.107982051675565,1.87901378608315
"ornithine 2 neg",0.168264049203795,0.509891058193317,8.15571986849953,6.1049744598383,8.00003931809005,6.57337634675772,6.33183719831757,7.05205483367888,0.413709868707729,2.17703319912841,0.610150731435916,0.977794499020333,0.258494288464545,0.278387410023719,5.29137535090247,2.75842620166644,1.00583794499441,1.50739758612081,0.711812085405579,0.982721901935214,4.16880369537153,1.28270441718299,5.35501256510938,5.60074764458206,7.83643108459468,7.24088743524374,6.73772631330435,6.42068367735318,1.08574480067456,0.958351320017118,0.474304846627478,1.44501370816024,0,0,0,0,0.349255038108514,0.401172699150872,0,0.348571050197964,13.3999796955223,0.718742276579325,14.1329849279173,0.367085156373566,2.48864520162785,1.16200872347089,0.149959077996047,1.35767739663389,0.879745004555512,0.613421702990089,1.08374636017687,1.12736887973314,2.99343756556829,2.17054168406858,1.40729216207622,1.81841207303256,0.639006958363865,1.17065851457703,1.41152198455588,0.561656439393368,2.81938556266144,2.80554996567182,2.74973950326734,2.78772028842532,2.84240673648495,2.80225713757749,2.77599873212646,2.6504413224565,2.78549003588263,2.70323301767883,2.73163965630075
"ornithine 2 pos",0.160335376072928,0.48586477597857,8.06778071043814,6.21783656766852,7.63581782086424,6.62620601167471,6.16840329791023,6.93914007372161,0.508562936620708,2.21810806986711,0.712905925336954,1.06286492517283,0.39408774005873,0.432233943635705,5.14778395175079,2.74017018290625,1.05795305391878,1.59736354637554,0.807755605849377,1.04756777025729,4.01391748153026,1.31338455257418,5.12285242662149,5.48319429637916,7.38504442171641,6.81541548253894,6.6103124620659,5.92053523802829,1.10335564982525,1.01920673300396,0.575210138951675,1.50762270205097,0.0688322228348085,0.169040874380497,0.084688768637735,0.111746840574048,0.453361677724258,0.501392213211482,0.187585499841876,0.451063930214332,12.4491384896965,0.820293085762116,14.139928716723,0.476248777581129,2.45348527754057,1.20555058801402,0.25516020805847,1.41627789318466,0.970839385810199,0.696146114077399,1.11301223488688,1.20053339986036,2.88269343691541,2.14356918304841,1.50095856314768,1.85087785611164,0.715187795514802,1.23186647300544,1.43689274935316,0.626988623183176,2.71171385637541,2.72072464737711,2.69086356288792,2.72830252878383,2.75124980437946,2.70506060902481,2.71200327709643,2.66878971139772,2.72860804022943,2.68579522815174,2.73209273768792
"ornithine neg",0.310001439469264,0.939398301422013,0.983124800007855,0.462406562694337,0.987263209558975,0.534944883931558,1.34301886449155,0.546387511854911,0,0,0,0,0,0,0,0,0,0,0,0,0,0,0,0,0,0,0,0,0,0,0,0,4.25127707485792,2.49805523889116,1.50675098903496,3.54524154023346,8.56197131004051,9.81076029449319,0,0,0,0,0,0,0,0,0,0,0,0,0,0,0,0,0,0,0,0,0.238656846476472,0,0,0.110635643110933,0.0777331829370242,0.085647044670378,0.101461947704657,0.0835276193144064,0,0.089506900875208,0,0,0
"pantothenic acid neg",0.00982619535804181,0.0297763495698237,0.0907056684907409,0,0,0,0,0,0,0,0,0,7.59708803093223,7.83018135599112,8.56565363173903,7.46203367873866,8.59966850398277,8.61006598392777,0,0,0,0.250297450947569,1.34499116294606,1.68480539725371,1.69965748044736,1.89093568630061,1.74179725971537,1.87334660104853,0,0,0,0,0.142073617629001,0.0919903922805896,0,0.132497277152622,0.130037693340643,0.099208498208807,0,0,0.310007458163987,0.401418375595583,0.346529123845499,0.305893136240021,0.30805806634688,0.291762676218591,0,0,0,0,0,0,0,0,0,0,0,0,0,0,1.08017413230235,1.04113366662546,1.14721571021238,1.07476943294227,1.08215941971387,1.04307065226274,1.06594529854805,0.987250400747563,1.12995568234645,1.00990383413707,1.08573136259101
"pantothenic acid pos",0.0195924022111702,0.0593709157914247,0.0955448737462287,0.0807073664583962,0.083396844508044,0.0810613350043679,0.0649353513987103,0.121202538014252,0,0,0,0,7.70112367062238,7.37459762484236,8.1655918771205,7.08076987730356,7.96571697883649,7.93964462260061,0,0,0,0.232032125216991,1.32614281045327,1.70733147350024,1.57454016475326,1.75403305441683,1.58625390076486,1.78655948220695,0,0,0,0,0.141212127155889,0.0895903860817669,0.0810696274955651,0.142373582055879,0.13647771565715,0.10929082769229,0,0,0.245227835216908,0.393780011463596,0.368764939731779,0.275864214745663,0.294371311645185,0.287029564728576,0,0,0,0,0,0,0.0898445578893586,0,0,0,0,0,0,0,1.06972273192416,0.985997505162866,1.00602542859849,1.01978401438916,0.969163768066228,1.01081555703148,0.985875198143013,1.01838897136803,1.00237426048461,0.995640744801966,1.0206994707239
"phenylalanine neg",0.0359305652893895,0.108880500876938,43.4083704037982,32.7225869160002,29.2981269780126,27.6586300593263,18.3726710489219,23.4940544600105,0,0.280944179653743,0,0,0,0.105546010878909,0.833990126288721,0.430108723871206,0.245568474501919,0.437811564579189,0,0.153372223860184,0.630768401668213,0.180633437934017,27.9694033713355,30.8562396699511,32.2094641786371,31.3328191240086,34.5080705809043,27.7234480000284,0,0.124817295860033,0,0.140305737390854,39.6588722019066,30.4335792875287,32.7417496827356,41.8280446034426,52.2889512000267,36.8368339889727,0,0,12.388855943699,10.1842016529049,11.9905358281635,9.04092868377217,9.89010030442649,9.2368223723296,0,0.164435826197479,0.139471977854806,0,18.3098366186764,20.2389540397572,18.0134308143122,19.10254691531,21.2970829469719,18.9024385659076,0,0.171383880327846,0.263662416173745,0,13.7826120719196,14.1063518479236,13.8332884258225,14.3667751385622,14.1142631642853,13.8176205594609,13.6322673275769,13.7079527495253,13.6655439082477,13.9653607555095,14.0497752489371
"phenylalanine pos",0.0480233340185387,0.145525254601633,41.5649154946527,29.4370491262369,25.1729887863318,27.442936689206,17.3733626246005,22.2130872438843,0.413916062212572,0.678398016306512,0.469647802499618,0.497217983132892,0.596543781571191,0.528041313338866,1.13769791865811,0.806901423658161,0.700375045949245,0.932491067328337,0.507269452207004,0.579976182719037,1.03331354593471,0.632882409602721,27.956352229781,31.0642472745203,30.3339714676464,29.4499081594447,31.5452665071775,27.3455604564893,0.467585257010524,0.51446202654792,0.42974790227826,0.562290239144238,38.6055680281223,33.9587272932688,31.7310294241313,42.6246648897839,45.5806081220171,29.8966247760975,0.473121223876671,0.474052671658491,12.0111640433187,9.00803155495375,11.7086256472711,8.21041966898734,8.66718083445575,9.24839156771544,0.425065273264543,0.625551749224049,0.558006726697392,0.548193198255084,16.5639211465826,18.0368401539437,16.9935962411431,15.9119962141195,19.295363009402,18.23055809215,0.471471774667813,0.582524119815105,0.660739882629638,0.446836982732797,11.2545915758584,14.1743800014049,12.9459345273068,14.5368815410457,13.1991410728352,12.785426447488,12.5102190057743,12.9809931546255,12.3392025838539,12.9869922846127,13.4802393168548
"proline neg",0.342555637840767,1.03804738739626,43.6821718489013,30.0537623800639,34.8430387246175,28.6138930776979,21.3832695396372,25.3283069765431,0,1.00900192326771,0,0.480316905645908,0.994101775514271,1.25478541516258,3.26419197856406,2.41118561525312,1.2542182914177,2.23066544652385,0.554029203919102,0.639977528861576,1.7000656985677,1.04749978787159,233.377167582558,250.988933359513,291.958268261097,333.13831873657,291.506881653231,457.929334053662,0.534453569041939,1.49585325370784,0.638929616717357,0.61024840775852,15.1988860865307,10.4677495946254,11.2951521448801,16.2769059059971,19.2817752025343,13.4205955900635,0,0,10.8578512589573,7.15242308129875,12.0435175999145,5.92999432402087,7.4867617805724,6.38461538455065,0,0.7816962036057,0.526504420345436,0.519558929021081,362.090485421368,410.098933589347,372.794363387843,353.747475919501,381.561916355507,425.822204143278,0.449642474559769,0.844295499536153,1.06792372677343,0.549458446750127,80.4248705144772,78.5410612318906,79.5588340490796,80.1884234570381,78.2685587727762,80.371541380878,85.3841649481463,83.3126286362587,79.493029754742,82.2295216427254,82.2606407860801
"proline pos",0.145362308464806,0.440491843832745,50.6965277897055,36.7300588858233,39.1674177087256,31.8767291265055,22.5723674913067,28.8158816818474,0,0.702797245465529,0,0,0.618962844248654,0.968854622371084,3.11340662160849,2.32118132508977,1.11442808670888,2.08280196275759,0,0,1.45008400919932,0.634805324836491,283.225489369956,308.776540161243,356.594424013049,377.569303809621,316.467411104514,506.262525023996,0,1.2747614517253,0,0,16.1973881915016,12.8113468230235,13.0787001164548,17.4393953377455,21.3808416390524,15.3844506586027,0,0,11.3501103387237,7.77906480416085,11.7845601671682,6.7457205001981,7.82282949908165,6.93320845626099,0,0,0,0,452.730060668644,427.863641651389,451.206888426154,411.1073878143,469.100950924259,432.054440232544,0,0,0.748630202422972,0,86.4761747537982,91.0454012354098,93.0285994043025,92.4298500725037,93.7417069435587,90.7132213778894,94.9599461119268,92.2919372878813,94.0888851076503,91.5909857545795,89.7290197176388
"putrescine 2 neg",0.0287438490909833,0.0871025730029798,0.0858971749144615,0.0945455650919898,0.119013469749075,0.0799786414249803,0.0688438234039052,0.0945587260791803,0.0459612165442139,0.0433504535914417,0,0,0.121663954380234,0.142613167851177,0.171453970834429,0.157454908927516,0.169728946051635,0.33249640152388,0,0,0.0266279343737799,0,0.289247898004256,0.31320231109125,0.332152835528359,0.335928162135579,0.342413553345262,0.310826731132865,0.0164576599442748,0.222918165459949,0,0.0221158313617601,0.14103025194303,0.0791308696737224,0.108430190831211,0.131986560383107,0.215288679406797,0.399002460950195,0.0235579420417111,0.0328304949429373,1.08822900380389,0.951258105684655,1.04234623896444,0.834147507508725,0.861625793822131,0.740598497903335,0,0,0.0154724640196548,0,0.0311014949071167,0.0331694755398388,0.0873545647110139,0.0815825848625944,0.0481156528437302,0.0868109004519626,0,0.0687839129113905,0.0338422191512281,0,0.182996759823017,0.200306121031756,0.204639324350384,0.198451880802137,0.175827143332722,0.194883444315065,0.175910284070837,0.189854836529572,0.194269092987936,0.16694283120409,0.179788507038751
"putrescine 2 pos",0.0296825715635479,0.0899471865562059,0.0944290616745506,0.0919602963767297,0.113650999992242,0.0749856099455308,0.0790461774919367,0.0934488040664058,0.0455342089973505,0.0354957940975601,0,0,0.126634215046602,0.149033597117629,0.175137877513428,0.15117873822447,0.162162023151646,0.330184712323321,0,0,0.0295506531092808,0,0.276238764436783,0.315907250848513,0.356343639998411,0.348593823902745,0.344092111585012,0.316510532130623,0,0.208504137506439,0,0.0170808208996693,0.144689220453337,0.0767094981055644,0.109575368397218,0.134525469065613,0.235708010366272,0.386345715937928,0.0174292757422871,0.0235370126357067,1.139826768886,0.986682989561576,1.0341572379887,0.805097326909924,0.839054472026037,0.763740954218135,0,0,0,0,0.0250097472939901,0.0295505560338205,0.0913130273893506,0.0753348403442217,0.0433459609269886,0.0826862972139338,0,0.0585832357170395,0.0371260099251708,0.0178774195655176,0.182845871715212,0.184591203031675,0.193128219079903,0.189252142358589,0.187336924712508,0.185714791977329,0.188397519801873,0.187612080102292,0.189366895067059,0.186152728520182,0.189297624306984
"pyridoxine 2 pos",2.03057400323379,6.15325455525392,2.00168272008524,NaN,0,7.04027261078622,0,6.76064430046892,0,0,0,0,0,NaN,0,0,0,0,0,0,0,NaN,0,NaN,9.53037343004853,NaN,NaN,0,0,0,0,0,0,0,7.66680386493244,0,0,0,NaN,NaN,0,NaN,NaN,1.66219899110236,NaN,4.3138752061588,NaN,0,NaN,NaN,0,2.12805100050629,NaN,NaN,0,0,0,0,0,NaN,0,0,0,0,0,0,0,NaN,0,0,0
"sarcosine neg",0.123160094953109,0.373212408948814,0.161550101918354,0,0.164512847653806,0,0.14306610844186,0.120960424755068,0.10544813570733,0.265720905585626,0.128152785484597,0.114497540980872,0.0673922772113376,0.100151698243217,0.105590677039567,0.166521085103046,0.213682000318707,0.0892382916258024,0.235497670265952,0.15918882636306,0.0636668157759716,0.152062388292276,0.334482254163173,0.330236532817344,0.448724569381395,0.239968123290563,0.513742000566415,0.391915607937583,0.146687724736808,0.436838225289992,0.188676034979307,0.0631045724444198,0.0954346930153408,0.148502572476619,0.114015571666689,0.12906753476995,0.175319395307791,0.0960081159780012,0.265028321825062,0.389138210440794,3.91266066953372,3.67050639678372,3.50633848316599,2.8610052196424,3.15424866078277,2.89343330080056,0.283414571520965,0.178568538570947,0.197509853422828,0.260543665007676,0.621974780886025,0.524961980644494,0.431790887990653,0.461493323379541,0.875936758902552,0.697715428299591,0.101648791549682,0.0763581202733796,0.143943606036954,0.0860616209388319,0.440172897584651,0.490146422676078,0.84925371295476,0.488303951537533,0.3932855162088,0.48772945408744,0.490799661173782,0.582982510431126,0.512199029117488,0.485356367483214,0.584316644298064
"sarcosine pos",0.0660169019402056,0.200051218000623,0.179696907107425,0.0762281388970485,0.111007973956553,0.0681298216075178,0.0768378925104245,0.128186821407923,0.142484095641906,0.15391134074409,0.142883694622851,0.132540360294586,0.133606197729744,0.146056417696721,0.185406314150854,0.140673827201034,0.175199345706368,0.191216474059474,0.175137461052707,0.195955039450764,0.155994935596256,0.160975626574442,0.264117851288146,0.253429645374585,0.372679159469039,0.33019408891821,0.405981084927968,0.329401273261577,0.191745570533566,0.230726381779857,0.225056950708508,0.219902260534757,0.100817938589673,0.112116907456686,0.0873306457306187,0.152707611408543,0.170518009977692,0.0674581446284464,0.188490307044378,0.19375641327602,4.30861709641043,3.83980039380469,3.82104398930215,3.14759078454437,3.41625702647899,3.04259051049203,0.233569672741638,0.179110390983751,0.212036794963515,0.231597178695114,0.5176055905698,0.602822522723072,0.594059299890424,0.488463976023816,0.613153693621416,0.618434962515374,0.153369961779082,0.110042640002695,0.152387432570302,0.125055057771862,0.51682791208956,0.517583026684219,0.599977463575491,0.527648239158414,0.542901068456102,0.492147475068556,0.552276473016148,0.53998265077853,0.564033312848839,0.491093722254076,0.547118034542045
"serine 2 neg",0.370824299521467,1.1237099985499,99.4943154428282,63.2531226543281,99.5704151065088,75.9616078551211,90.2568389909771,71.6459815774109,1.95524934518109,12.928855735201,2.8304417069198,5.22043683820074,0,0,31.200180215638,10.8306981989517,4.16172793603882,10.3321657680312,3.67186501009926,5.29015848088245,21.8721820078504,5.87916268036283,28.7082303104826,30.0955827878023,54.2169310479215,51.0327150965092,45.1340285313228,65.4134000830885,7.51737145913174,9.29989978667071,3.07217630295851,8.90991659071309,6.61162168862521,4.48310489270439,4.23428627059736,6.28510190077657,8.62063272417272,11.7321059385707,0,0,46.0301393498143,6.2776902039921,77.2922309214106,3.17239984902756,14.586466503422,10.1096235156515,0,5.76040515150292,5.882711475856,4.21062937418505,20.470877752034,23.5613134789846,34.7283698489997,23.7085896343253,16.0133324436718,22.4459363411354,2.88034372262162,10.6290641222376,26.1846219885926,2.60533144839886,21.0213309732275,25.6552611174942,27.8314673342974,19.707010249848,20.2991242667536,21.712256270725,27.1675677196964,20.7643385111345,20.5943574350433,22.8599997012501,20.9281255777382
"serine neg",1.52421137628744,4.61882235238618,71.0337639616839,55.9912529774712,66.7520946918863,51.4463482453381,55.3556453376885,45.6585340666914,1.55366987748232,10.7609406777981,2.88785019943493,3.98150753906581,1.05488969989455,3.14890379661715,23.6478256873226,13.1678243325988,4.88534831977752,8.34487092527842,4.82801262420374,5.50489700432058,19.795148665109,6.81526590119009,22.9390519363603,23.2506142852516,43.4631385037348,38.5454351336652,29.2045492796379,51.0984946897469,5.50600898666076,6.42739453014409,3.67778153727309,7.01639969188894,4.09777563486362,3.86757394445657,3.88459128677778,4.6650347063756,8.43761620001161,15.0996995399021,1.19372601357178,2.45559488342329,50.1215234235438,6.4256813948526,55.4524956748007,3.47900862836447,11.5829308908416,7.83412833518462,1.27361928733223,9.06477091375136,5.86719354338023,4.82690552908855,15.6586496017879,17.2691504187539,26.5425098251106,22.1091531967718,19.950058659666,20.3827789237882,3.27268860928118,7.15457778038259,13.5217260838594,3.7890553113742,17.7657677739815,18.3707123795339,17.3332793483139,18.2573047491072,18.3963921590268,18.6793911737136,18.5108136052233,18.4538453964165,18.7488682813462,18.8518709936859,18.3591471450728
"serine pos",1.43570229749752,4.35061302271976,69.4225670379345,50.0229316961784,57.8824107149897,42.0960510214874,42.5276244736706,39.7913462974668,2.49511370208496,9.24353038677901,3.2870752793666,4.17769177188443,1.30255420482266,1.85041283763736,17.8150804053116,8.56280053236632,4.80989841775378,6.61319325384764,3.75270514996988,5.60078736422909,16.6424893250979,5.64637852404741,18.7647007121675,19.7140974083777,31.4948621449807,30.7014139810936,22.1838790020575,40.382926946995,4.85273920995197,5.80173462748774,3.75333577488158,6.1850367754518,4.57257721260751,4.52081775563267,4.35018746676733,4.9332485149414,9.95401010183105,14.1349166701275,1.77696289417833,2.73494628321901,42.1623118763493,5.83534842898152,48.4183641102524,4.02521928128943,10.0914829294015,7.02843987201422,1.76543755928767,7.60732573605284,5.73711699581748,4.49779283727696,12.7826184136149,14.8912931285319,20.0366320414372,18.9112350856982,16.1105296470527,18.2102362159985,3.19615871190891,6.00335503582094,9.700955198119,3.71341079463439,14.3600407081094,15.1374468741809,14.9727451881688,15.0440036767028,14.5341609617197,15.1911705472391,15.1910808195682,15.5198782089886,15.2095904712363,14.7626603425278,14.6731925488035
"spermidine 3 neg",0.0219124398172075,0.0664013327794168,0.265335801571629,0.273124393537576,0.265335801571629,0.265335801571629,0.265335801571629,0.265335801571629,0.396064109562864,0.27369424949962,0.265335801571629,0.265335801571629,0.423785676586077,0.489104786041237,0.551871721189684,0.563630958341646,0.464137234179844,0.512478100468196,0.265335801571629,0.265335801571629,0.265335801571629,0.265335801571629,0.415576215738044,0.427310701746174,0.443291145823286,0.48402781691022,0.431505513321963,0.855247773055372,0.265335801571629,0.624096119584804,0.265335801571629,0.265335801571629,1.16928881838411,0.730278199734276,0.770806286491897,1.3258545654872,1.52801610856839,0.922739475858609,0.265335801571629,0.265335801571629,15.5635552005381,7.0652126240578,12.1510923876039,10.6102302362153,10.4295734699182,9.20451676801748,0.265335801571629,0.265335801571629,0.265335801571629,0.265335801571629,0.265335801571629,0.265335801571629,0.265335801571629,0.265335801571629,0.265335801571629,0.278804294443487,0.265335801571629,0.389271537468922,0.265335801571629,0.338966746209975,1.63155102571906,1.33642532412987,1.41675099270198,1.39965519056612,1.42217518726466,1.52348721743196,1.43104338524136,1.48267719028961,1.31546227049091,1.34575526511058,1.66520041407709
"spermidine 3 pos",0.00867974965707668,0.0263022716881111,0,0,0,0,0,0,0.184250315997189,0,0,0,0.231394216073202,0.252685394200069,0.274002864084382,0.347228970109857,0.248878252527471,0.336244941250162,0,0,0,0,0.176609602790749,0.224527416323206,0.221138370084445,0.264575941882706,0.191324168610267,0.648789919362598,0,0.36200584636824,0,0,0.891549046863367,0.569158240253699,0.58631897358398,1.24745016660007,1.47567219103654,0.742501979150379,0,0,17.4667109883734,6.70422221441025,13.2458001238056,10.5405668241788,11.7945124464173,10.1016253972254,0,0,0,0,0,0,0,0,0,0,0,0.129048332994613,0,0.0864153942864029,1.33229074426328,1.31204838309798,1.4042385131393,1.34573502452726,1.33643167412243,1.35303855605958,1.34785753443025,1.32893455422833,1.34457435309272,1.34512301317787,1.31434564411414
"taurine neg",0.0259326974443972,0.0785839316496884,0,0,0,0,0,0,0,0,0,0,0.939800350309838,1.46077094689359,1.67911815332816,1.3744158267456,0.994680012197323,1.07603281792479,0,0,0,0,255.370373095929,278.61312958632,373.626273489936,393.199067516023,310.34444675019,591.708709181281,0,1.09229975012381,0,0,0,0,0,0,0,0,0,0,1.03054560460046,0,0.838220057879022,0,0,0,0,0,0,0,0,0,0,0,0,0,0,0,0,0,37.5914333420657,38.1485438761856,38.3246591062521,37.04330169695,37.2896772169253,39.0333382443993,37.8662007986292,38.5836656552808,38.6452394329192,38.0270923428509,38.0272053296942
"taurine pos",0.0316743149248527,0.0959827724995536,0,0,0,0,0,0,0,0,0,0,1.05035710822084,1.58067650043483,1.69634657946754,1.59182824341695,1.17171030800019,1.34046752827685,0,0,0,0,273.212931223165,257.557620606393,373.39667816344,392.615302129114,290.473547243144,557.305615266801,0,1.35141585370073,0,0,0,0,0,0,0,0,0,0,1.22805712456478,0.395244496384878,0.882674329560348,0,0.410256231111071,0,0,0,0,0,0,0,0,0,0,0,0,0,0,0,44.0186529204718,39.3900453477854,40.2797645868885,37.7023039549649,37.9219150665152,39.7061748872123,43.1071915587879,38.7347276158062,38.3009293485175,38.8611532121236,40.2183556509259
"threonine neg",0.277147532978542,0.839841009025884,47.6564859270085,35.7162175714229,35.9656033704672,30.2295633046259,24.7827411495217,26.2126753865726,0,1.43822370768122,0.203749157198458,0.46772984971799,0,0,2.63740511026505,1.02296782312113,0.393536151884012,1.00488214845,0.51777828127834,0.639518687274098,2.09751586752272,0.839348451399112,21.2317654492178,23.6978094278661,29.9146663019738,29.3599653230377,24.4662581649412,31.623417784779,0.527824956184126,0.853575621432866,0.38518486907244,1.00698973317889,5.19593044740296,4.14672514761914,4.1874026877874,5.85581300029423,9.01246538078393,6.71871329975901,0,0.30250668366321,12.0040806753407,6.7748140647262,12.8431720650934,5.27618763833057,7.31124380917056,6.1966177546573,0,1.00537125130286,0.795431547404323,0.463960604953823,6.17285337296788,6.93892914960731,7.63302653787252,6.28936206511822,6.89645522893578,6.97789446238102,0.292787919626977,0.846986476899548,1.79080690290672,0.431861229118753,8.81638067824276,8.90717420299178,9.21409677349211,9.0232232444356,8.83524444723673,8.55255932752605,8.69756324718817,8.89524943452916,8.57991126239117,8.74134851100689,8.42540745990081
"threonine pos",0.237901182214843,0.720912673378313,48.8306288907236,35.7811930515845,37.1933389893858,29.4543203491411,24.4121751325269,25.1635511069811,0.453567983896467,1.5804863370889,0.513960228052981,0.627787450097977,0.177875205708936,0.409693094677023,2.39322063811674,1.25868748473895,0.787317731178306,1.2727345789043,0.681129492039709,0.954691360465629,2.08021146501,1.21302440388456,19.213770449225,21.0772001097998,28.4137032109267,26.9369302353301,24.0259664334964,29.4333579208132,0.82424315994896,1.13651870594061,0.55898029996248,1.2686451873137,5.46011520352685,3.92297231800057,4.08865687576583,5.75978351171508,8.10063085139847,6.37347203202171,0.283403243674236,0.559315535713532,11.3828302873009,5.85626679992381,12.15948847268,5.67634657279441,7.12696107919599,5.840514454399,0.332014577632975,1.14531512866671,0.973797259017399,0.814098126199573,5.88812815222753,6.62666859997309,6.85633749421991,5.99518243177737,6.46188293678305,6.64200569205305,0.536923095495309,1.09417450622396,2.02984015935286,0.763040290329787,8.24213093388288,8.67143409945592,8.82465279385899,8.15750940271295,8.2637723886083,8.62345249951942,8.81646234266298,8.24651356746046,8.53534106137488,8.50164622586726,8.48263394664891
"tryptamine pos",0.134627884007324,0.40796328487068,0.393560007490293,0.52775097086016,0.307195583875449,0.263005160412701,0.371306237944487,0.409121265263007,0.323277671534669,NaN,0.379587790806183,13.0954515962871,0.243811950387284,0.248825899677859,0.262445508855797,0,0.244226608782841,0.252205094725645,0,0.259992726359562,0.246223405359284,0,0.244599595502638,0.245356840302917,0.252291203314908,0.24663441703223,0.25181179956274,0.244626586223488,0.251066701465645,0.247442415668342,0.2451741517823,0.24412603382706,0.248785289244037,0.244901729342144,0.261511934211614,0.31664083498634,0.269655736129646,0.266090769970619,0.332484746687229,0.260464400304823,0.300650593094209,0.245916407939355,0.255135001553516,2.46157455264925,0,NaN,0,0.399008987869084,0,0.450138674072988,0.246821445506046,0.246385086507715,0.249817242163609,0,0.253948488685388,0,0.249296989357973,0.250777411150367,0.245465857430954,0.246869717732295,0.254732215846393,0.249907053190682,0.261662666290652,0.263238034575249,0.255543540127402,0.256851350648246,0.272179595171579,0.26113958365375,0.257307493351137,0.258217039329738,0.243126393041066
"tryptophan pos",0.124039024169694,0.375875830817254,2.25908783867772,0.760524527464353,1.90994293936362,0.584623755128614,1.31627526180492,1.04551052477391,NaN,NaN,0.494463589443929,0.738936325994374,0.565186975925118,0.609668348246785,0.58190597901289,0.566057885892524,0.554306557995699,0.572638580293471,0,0,0,0,0.596914711405133,0.69749812163092,0.859225624476667,0.680363576636459,0.745622095606793,0.708673960500819,0,0,0,0,0.676391966136854,0.586903283123451,0.609796848917871,0.686610843958513,0.89183755429212,0.644148923415266,0,0,0,1.58810764562237,1.71728623119663,0.510625941058919,0.842386164020781,1.54109444594626,8.26787588066829,0.387136124483762,NaN,0,1.24817969044363,1.30033663365874,1.26065176151521,1.04927444125812,1.23646945577926,0.945971787562181,0,0,0,0,0.547176928561276,0.609060630034973,0.607349192495623,0.605078444387438,0.595299348116255,0.542901678497493,0.573148832850866,0.575828925088017,0.573465924261084,0.583942156049018,0.631992181886146
"uridine neg",0.0538581330491003,0.163206463785152,41.9556019210456,67.0678735658941,55.0046242764982,51.8377448556995,49.9730131098743,51.6761532841154,0,0,0,0,0.455102466918437,0.570167724389403,0.520451765583159,0.551529323167736,0.501898202029881,0.556279315942707,0,0,0,0,1.59299139867513,1.58724869706095,2.01583666974834,1.68049452992367,1.48934495868096,1.71940696793574,0,0,0,0,0.468427308601062,0.521473270470022,0.501685272472052,0.614640294535277,0.972505491418616,0.403646532409927,0,0,39.1954804361488,30.361832881953,35.8162069105502,32.0859219925197,43.4644251843414,36.5940813261153,0,0,0,0,1.8341345867348,2.12316739077495,1.91682558137786,1.88876728765315,1.73239212105653,1.91541357330435,0,0,0,0,10.0030576715816,9.42742664475173,9.97571757146442,8.15840054388487,8.58947059663003,9.82305461823214,8.78943109920341,9.4711526519021,9.0921241800145,8.47911379761929,8.48274378150403
"valine neg",0.214906340240686,0.651231334062684,52.1107621350425,37.4493258741706,40.3461866302277,34.2764142210406,24.9809265165085,29.7953467706198,0,0.717101476052846,0,0,0,0,1.80815712040738,0.520655295725683,0,0.651168025075434,0,0,1.52063037423285,0,39.4030372863629,45.3978646466333,47.1056468394325,47.8803981697308,48.8731845150888,44.5710509355942,0,0,0,0,67.0555383049459,52.5840741325113,56.9648860468563,73.0038266660221,86.6767992101451,61.4017611542333,0,0,141.862484492935,129.541890975787,133.43266169517,112.705612494775,118.663904191678,112.670965164527,0,0,0,0,32.1261452707122,35.0463046417107,33.0869672293767,30.3841543677957,34.1032566688636,33.4245413196418,0,0,0.898308704421294,0,31.8292102035765,31.4662882491612,31.3811216298138,32.1792552286324,30.5435526325485,32.0786471293644,30.7992800807009,31.2676233682093,31.02105963428,32.1913314606457,30.8385752786087
"valine pos",0.929949905614062,2.81803001701231,66.953906431396,39.1171175608846,43.4424561520837,43.2671488690952,22.0758892511987,40.7729342584512,0,2.06566909972431,2.16302592964936,0,1.73645145288234,0,2.8154104615765,1.9473580896126,1.59032666949291,0,0,0,2.9513209893601,0,32.9881788479299,44.4344984077935,42.1542291308009,38.7861443494219,33.7550334116771,41.1476653024712,2.02933073601704,2.5587829974651,0,2.4152146134076,70.2317083293127,78.9281597094392,67.7307977750747,89.0813071015864,82.1850974106581,65.5215724911766,1.96740573945584,2.12382418576651,135.787232199772,426.535694954764,191.363044174671,179.030390733438,125.35666461556,136.348064185316,3.6565494837312,2.04321274997882,10.6128321612186,24.0074122922385,38.4926166226543,41.6012481154531,68.266353563583,57.0955605983437,36.6527763493638,44.6298244529527,1.88786067897783,1.72303186669899,2.71903009910944,5.69639965470511,24.3291310719257,27.0205811819553,22.6211827072129,23.0399989685663,34.2853645177972,27.9448925245371,22.9935914314843,25.2606686442799,23.5760332479856,20.3481975320695,29.207359775956
"xanthosine neg",0.131369062194757,0.398088067256839,0.112241143638,0.170701855964712,0.0792068066829477,0.0984840078358225,0.0665624795506505,0.0777345948260893,0.0665624795506505,0.0665624795506505,0.0665624795506505,0.0665624795506505,0.0777205101053194,0.0698450547709643,0.0665624795506505,0.0665624795506505,0.0665624795506505,0.0700222824501822,0.0682501835879158,0.0678273199050127,0.0686763772091884,0.0732151385865546,0.258144597673748,0.161083665441538,0.157116753428979,0.150497256922484,0.211115609146006,0.181193194082928,0.0665624795506505,0.0665624795506505,0.0665624795506505,0.0665624795506505,0.0931851226796438,0.0665624795506505,0.0896598505524865,0.0769513029117904,0.188497984070937,0.0680367445793816,0.0665624795506505,0.0665624795506505,2.03697012343972,1.0492066481672,0.956595804589713,1.68939919111084,1.21350930531184,0.885647773176982,0.0665624795506505,0.0677289083153552,0.0674085670247347,0.0691326142327287,0.0675447984916957,0.0688465285610594,0.0665624795506505,0.0737929909412222,0.0665624795506505,0.0674614472452385,0.0665624795506505,0.0682488898012772,0.0676513959994716,0.0665624795506505,0.201332352561709,0.178054736629279,0.134359517353714,0.302801054404974,0.0988174371275697,0.211879095939194,0.188430001692925,0.122294430827849,0.116747101866299,0.143303910896591,0.115526005024005
